director_and_actors,img,link,other_title,quote,rank,rating,reviewers,title
导演: 弗兰克·德拉邦特 Frank Darabont   主演: 蒂姆·罗宾斯 Tim Robbins /...,https://img2.doubanio.com/view/photo/s_ratio_poster/public/p480747492.jpg,https://movie.douban.com/subject/1292052/, / 月黑高飞(港)  /  刺激1995(台),希望让人自由。,1,9.7,2860431人评价,肖申克的救赎
导演: 陈凯歌 Kaige Chen   主演: 张国荣 Leslie Cheung / 张丰毅 Fengyi Zha...,https://img1.doubanio.com/view/photo/s_ratio_poster/public/p2561716440.jpg,https://movie.douban.com/subject/1291546/, / 再见，我的妾  /  Farewell My Concubine,风华绝代。,2,9.6,2114999人评价,霸王别姬
导演: 罗伯特·泽米吉斯 Robert Zemeckis   主演: 汤姆·汉克斯 Tom Hanks / ...,https://img2.doubanio.com/view/photo/s_ratio_poster/public/p2372307693.jpg,https://movie.douban.com/subject/1292720/, / 福雷斯特·冈普,一部美国近现代史。,3,9.5,2135217人评价,阿甘正传
导演: 詹姆斯·卡梅隆 James Cameron   主演: 莱昂纳多·迪卡普里奥 Leonardo...,https://img9.doubanio.com/view/photo/s_ratio_poster/public/p2889314814.jpg,https://movie.douban.com/subject/1292722/, / 铁达尼号(港 / 台),失去的才是永恒的。 ,4,9.5,2161445人评价,泰坦尼克号
导演: 吕克·贝松 Luc Besson   主演: 让·雷诺 Jean Reno / 娜塔莉·波特曼 ...,https://img2.doubanio.com/view/photo/s_ratio_poster/public/p511118051.jpg,https://movie.douban.com/subject/1295644/, / 终极追杀令(台)  /  杀手莱昂,怪蜀黍和小萝莉不得不说的故事。,5,9.4,2272295人评价,这个杀手不太冷
导演: 宫崎骏 Hayao Miyazaki   主演: 柊瑠美 Rumi Hîragi / 入野自由 Miy...,https://img1.doubanio.com/view/photo/s_ratio_poster/public/p2557573348.jpg,https://movie.douban.com/subject/1291561/, / 神隐少女(台)  /  千与千寻的神隐,最好的宫崎骏，最好的久石让。 ,6,9.4,2216333人评价,千与千寻
导演: 罗伯托·贝尼尼 Roberto Benigni   主演: 罗伯托·贝尼尼 Roberto Beni...,https://img2.doubanio.com/view/photo/s_ratio_poster/public/p2578474613.jpg,https://movie.douban.com/subject/1292063/, / 一个快乐的传说(港)  /  Life Is Beautiful,最美的谎言。,7,9.6,1311800人评价,美丽人生
导演: 史蒂文·斯皮尔伯格 Steven Spielberg   主演: 连姆·尼森 Liam Neeson...,https://img2.doubanio.com/view/photo/s_ratio_poster/public/p492406163.jpg,https://movie.douban.com/subject/1295124/, / 舒特拉的名单(港)  /  辛德勒名单,拯救一个人，就是拯救整个世界。,8,9.6,1093151人评价,辛德勒的名单
导演: 克里斯托弗·诺兰 Christopher Nolan   主演: 马修·麦康纳 Matthew Mc...,https://img1.doubanio.com/view/photo/s_ratio_poster/public/p2614988097.jpg,https://movie.douban.com/subject/1889243/, / 星际启示录(港)  /  星际效应(台),爱是一种力量，让我们超越时空感知它的存在。,9,9.4,1805992人评价,星际穿越
导演: 克里斯托弗·诺兰 Christopher Nolan   主演: 莱昂纳多·迪卡普里奥 Le...,https://img9.doubanio.com/view/photo/s_ratio_poster/public/p513344864.jpg,https://movie.douban.com/subject/3541415/, / 潜行凶间(港)  /  全面启动(台),诺兰给了我们一场无法盗取的梦。,10,9.4,2037035人评价,盗梦空间
导演: 彼得·威尔 Peter Weir   主演: 金·凯瑞 Jim Carrey / 劳拉·琳妮 Lau...,https://img2.doubanio.com/view/photo/s_ratio_poster/public/p479682972.jpg,https://movie.douban.com/subject/1292064/, / 真人Show(港)  /  真人戏,如果再也不能见到你，祝你早安，午安，晚安。,11,9.4,1678414人评价,楚门的世界
导演: 莱塞·霍尔斯道姆 Lasse Hallström   主演: 理查·基尔 Richard Ger...,https://img1.doubanio.com/view/photo/s_ratio_poster/public/p2587099240.jpg,https://movie.douban.com/subject/3011091/, / 秋田犬八千(港)  /  忠犬小八(台),永远都不能忘记你所爱的人。,12,9.4,1385743人评价,忠犬八公的故事
导演: 朱塞佩·托纳多雷 Giuseppe Tornatore   主演: 蒂姆·罗斯 Tim Roth / ...,https://img9.doubanio.com/view/photo/s_ratio_poster/public/p2574551676.jpg,https://movie.douban.com/subject/1292001/, / 声光伴我飞(港)  /  一九零零的传奇,每个人都要走一条自己坚定了的路，就算是粉身碎骨。 ,13,9.3,1659458人评价,海上钢琴师
导演: 拉库马·希拉尼 Rajkumar Hirani   主演: 阿米尔·汗 Aamir Khan / 卡...,https://img2.doubanio.com/view/photo/s_ratio_poster/public/p579729551.jpg,https://movie.douban.com/subject/3793023/, / 三个傻瓜(台)  /  作死不离3兄弟(港),英俊版憨豆，高情商版谢耳朵。,14,9.2,1839319人评价,三傻大闹宝莱坞
导演: 克里斯托夫·巴拉蒂 Christophe Barratier   主演: 让-巴蒂斯特·莫尼...,https://img1.doubanio.com/view/photo/s_ratio_poster/public/p2884280708.jpg,https://movie.douban.com/subject/1291549/, / 歌声伴我心(港)  /  唱诗班男孩,天籁一般的童声，是最接近上帝的存在。 ,15,9.3,1295808人评价,放牛班的春天
导演: 安德鲁·斯坦顿 Andrew Stanton   主演: 本·贝尔特 Ben Burtt / 艾丽...,https://img2.doubanio.com/view/photo/s_ratio_poster/public/p1461851991.jpg,https://movie.douban.com/subject/2131459/, / 太空奇兵·威E(港)  /  瓦力(台),小瓦力，大人生。,16,9.3,1301310人评价,机器人总动员
导演: 刘伟强 / 麦兆辉   主演: 刘德华 Andy Lau / 梁朝伟 Tony Leung Chiu W...,https://img2.doubanio.com/view/photo/s_ratio_poster/public/p2564556863.jpg,https://movie.douban.com/subject/1307914/, / Infernal Affairs  /  Mou gaan dou,香港电影史上永不过时的杰作。,17,9.3,1345045人评价,无间道
导演: 拜伦·霍华德 Byron Howard / 瑞奇·摩尔 Rich Moore   主演: 金妮弗·...,https://img1.doubanio.com/view/photo/s_ratio_poster/public/p2614500649.jpg,https://movie.douban.com/subject/25662329/, / 优兽大都会(港)  /  动物方城市(台),迪士尼给我们营造的乌托邦就是这样，永远善良勇敢，永远出乎意料。,18,9.2,1905311人评价,疯狂动物城
导演: 比利·怀尔德 Billy Wilder   主演: 泰隆·鲍华 Tyrone Power / 玛琳·...,https://img1.doubanio.com/view/photo/s_ratio_poster/public/p1505392928.jpg,https://movie.douban.com/subject/1296141/, / 雄才伟略  /  情妇,比利·怀德满分作品。,19,9.6,543690人评价,控方证人
导演: 刘镇伟 Jeffrey Lau   主演: 周星驰 Stephen Chow / 吴孟达 Man Tat Ng...,https://img9.doubanio.com/view/photo/s_ratio_poster/public/p2455050536.jpg,https://movie.douban.com/subject/1292213/, / 西游记完结篇仙履奇缘  /  齐天大圣西游记,一生所爱。,20,9.2,1516619人评价,大话西游之大圣娶亲
导演: 黄东赫 Dong-hyuk Hwang   主演: 孔侑 Yoo Gong / 郑有美 Yu-mi Jung /...,https://img9.doubanio.com/view/photo/s_ratio_poster/public/p1363250216.jpg,https://movie.douban.com/subject/5912992/, / 无声呐喊(港)  /  漩涡,我们一路奋战不是为了改变世界，而是为了不让世界改变我们。,21,9.4,921589人评价,熔炉
导演: 弗朗西斯·福特·科波拉 Francis Ford Coppola   主演: 马龙·白兰度 M...,https://img9.doubanio.com/view/photo/s_ratio_poster/public/p616779645.jpg,https://movie.douban.com/subject/1291841/, / Mario Puzo's The Godfather,千万不要记恨你的对手，这样会让你失去理智。,22,9.3,953986人评价,教父
导演: 奥利维·那卡什 Olivier Nakache / 艾力克·托兰达 Eric Toledano   主...,https://img9.doubanio.com/view/photo/s_ratio_poster/public/p1454261925.jpg,https://movie.douban.com/subject/6786002/, / 闪亮人生(港)  /  逆转人生(台),满满温情的高雅喜剧。,23,9.3,1097653人评价,触不可及
导演: 加布里尔·穆奇诺 Gabriele Muccino   主演: 威尔·史密斯 Will Smith ...,https://img9.doubanio.com/view/photo/s_ratio_poster/public/p2614359276.jpg,https://movie.douban.com/subject/1849031/, / 寻找快乐的故事(港)  /  追求快乐,平民励志片。 ,24,9.2,1502625人评价,当幸福来敲门
导演: 罗伯·莱纳 Rob Reiner   主演: 玛德琳·卡罗尔 Madeline Carroll / 卡...,https://img1.doubanio.com/view/photo/s_ratio_poster/public/p501177648.jpg,https://movie.douban.com/subject/3319755/, / 萌动青春  /  青春萌动,真正的幸福是来自内心深处。,25,9.1,1811647人评价,怦然心动
导演: 宫崎骏 Hayao Miyazaki   主演: 日高法子 Noriko Hidaka / 坂本千夏 Ch...,https://img9.doubanio.com/view/photo/s_ratio_poster/public/p2540924496.jpg,https://movie.douban.com/subject/1291560/, / 邻居托托罗  /  邻家的豆豆龙,人人心中都有个龙猫，童年就永远不会消失。,26,9.2,1250985人评价,龙猫
导演: 贝纳尔多·贝托鲁奇 Bernardo Bertolucci   主演: 尊龙 John Lone / 陈...,https://img2.doubanio.com/view/photo/s_ratio_poster/public/p452089833.jpg,https://movie.douban.com/subject/1293172/, / 末代皇帝溥仪(港)  /  L'ultimo imperatore,“不要跟我比惨，我比你更惨”再适合这部电影不过了。,27,9.3,869086人评价,末代皇帝
导演: 李·昂克里奇 Lee Unkrich / 阿德里安·莫利纳 Adrian Molina   主演: ...,https://img9.doubanio.com/view/photo/s_ratio_poster/public/p2614500706.jpg,https://movie.douban.com/subject/20495023/, / 玩转极乐园(港)  /  可可夜总会(台),死亡不是真的逝去，遗忘才是永恒的消亡。,28,9.1,1653452人评价,寻梦环游记
导演: 张艺谋 Yimou Zhang   主演: 葛优 You Ge / 巩俐 Li Gong / 姜武 Wu Jiang,https://img1.doubanio.com/view/photo/s_ratio_poster/public/p2597919477.jpg,https://movie.douban.com/subject/1292365/, / 人生  /  Lifetimes,张艺谋最好的电影。,29,9.3,832668人评价,活着
导演: 克里斯托弗·诺兰 Christopher Nolan   主演: 克里斯蒂安·贝尔 Christ...,https://img2.doubanio.com/view/photo/s_ratio_poster/public/p462657443.jpg,https://movie.douban.com/subject/1851857/, / 蝙蝠侠前传2：黑暗骑士  /  黑暗骑士(台),无尽的黑暗。,30,9.2,1042579人评价,蝙蝠侠：黑暗骑士
导演: Chris Columbus   主演: Daniel Radcliffe / Emma Watson / Rupert Grint,https://img9.doubanio.com/view/photo/s_ratio_poster/public/p2614949805.jpg,https://movie.douban.com/subject/1295038/, / 哈利波特1：神秘的魔法石(港 / 台) ,童话世界的开端。,31,9.2,1171296人评价,哈利·波特与魔法石
导演: 彼得·杰克逊 Peter Jackson   主演: 伊利亚·伍德 Elijah Wood / 西恩...,https://img2.doubanio.com/view/photo/s_ratio_poster/public/p2642829472.jpg,https://movie.douban.com/subject/1291552/, / 魔戒三部曲：王者再临(台 / 港) ,史诗的终章。,32,9.3,792759人评价,指环王3：王者无敌
导演: 维克多·弗莱明 Victor Fleming / 乔治·库克 George Cukor   主演: 费...,https://img1.doubanio.com/view/photo/s_ratio_poster/public/p1963126880.jpg,https://movie.douban.com/subject/1300267/, / 飘,Tomorrow is another day.,33,9.3,682415人评价,乱世佳人
导演: 文牧野 Muye Wen   主演: 徐峥 Zheng Xu / 王传君 Chuanjun Wang / 周...,https://img9.doubanio.com/view/photo/s_ratio_poster/public/p2561305376.jpg,https://movie.douban.com/subject/26752088/, / 中国药神  /  印度药神,对我们国家而言，这样的电影多一部是一部。,34,9.0,2076018人评价,我不是药神
导演: 李濬益 Jun-ik Lee   主演: 薛景求 Kyung-gu Sol / 严志媛 Ji-won Uhm ...,https://img9.doubanio.com/view/photo/s_ratio_poster/public/p2118532944.jpg,https://movie.douban.com/subject/21937452/, / 许愿  /  希望：为爱重生(台),受过伤害的人总是笑得最开心，因为他们不愿意让身边的人承受一样的痛苦。,35,9.3,678234人评价,素媛
导演: 彼特·道格特 Pete Docter / 鲍勃·彼德森 Bob Peterson   主演: 爱德...,https://img2.doubanio.com/view/photo/s_ratio_poster/public/p2363116942.jpg,https://movie.douban.com/subject/2129039/, / 冲天救兵(港)  /  天外奇迹(台),最后那些最无聊的事情，才是最值得怀念的。 ,36,9.1,1308043人评价,飞屋环游记
导演: 宫崎骏 Hayao Miyazaki   主演: 倍赏千惠子 Chieko Baishô / 木村拓...,https://img1.doubanio.com/view/photo/s_ratio_poster/public/p2174346180.jpg,https://movie.douban.com/subject/1308807/, / 哈尔移动城堡(港)  /  霍尔的移动城堡(台),带着心爱的人在天空飞翔。,37,9.1,1009310人评价,哈尔的移动城堡
导演: Sidney Lumet   主演: 亨利·方达 Henry Fonda / 马丁·鲍尔萨姆 Marti...,https://img2.doubanio.com/view/photo/s_ratio_poster/public/p2173577632.jpg,https://movie.douban.com/subject/1293182/, / 12怒汉  /  十二怒汉,1957年的理想主义。 ,38,9.4,482783人评价,十二怒汉
导演: 娜丁·拉巴基 Nadine Labaki   主演: 扎因·拉费阿 Zain al-Rafeea / ...,https://img1.doubanio.com/view/photo/s_ratio_poster/public/p2555295759.jpg,https://movie.douban.com/subject/30170448/, / 迦百农  /  星仔打官司(港),凝视卑弱生命，用电影改变命运。,39,9.1,1032051人评价,何以为家
导演: 涅提·蒂瓦里 Nitesh Tiwari   主演: 阿米尔·汗 Aamir Khan / 法缇玛...,https://img1.doubanio.com/view/photo/s_ratio_poster/public/p2401676338.jpg,https://movie.douban.com/subject/26387939/, / 我和我的冠军女儿(台)  /  打死不离3父女(港),你不是在为你一个人战斗，你要让千千万万的女性看到女生并不是只能相夫教子。,40,9.0,1552143人评价,摔跤吧！爸爸
导演: 姜文 Wen Jiang   主演: 姜文 Wen Jiang / 葛优 You Ge / 周润发 Yun-F...,https://img1.doubanio.com/view/photo/s_ratio_poster/public/p1512562287.jpg,https://movie.douban.com/subject/3742360/, / 让子弹飞一会儿  /  火烧云,你给我翻译翻译，神马叫做TMD的惊喜。,41,9.0,1677911人评价,让子弹飞
导演: 姜文 Wen Jiang   主演: 姜文 Wen Jiang / 香川照之 Teruyuki Kagawa /...,https://img1.doubanio.com/view/photo/s_ratio_poster/public/p2553104888.jpg,https://movie.douban.com/subject/1291858/, / Devils on the Doorstep,对敌人的仁慈，就是对自己残忍。,42,9.3,618871人评价,鬼子来了
导演: 史蒂文·斯皮尔伯格 Steven Spielberg   主演: 莱昂纳多·迪卡普里奥 L...,https://img2.doubanio.com/view/photo/s_ratio_poster/public/p453924541.jpg,https://movie.douban.com/subject/1305487/, / 逍遥法外  /  捉智双雄(港),骗子大师和执著警探的你追我跑故事。 ,43,9.1,1007165人评价,猫鼠游戏
导演: 李安 Ang Lee   主演: 苏拉·沙玛 Suraj Sharma / 伊尔凡·可汗 Irrfan...,https://img2.doubanio.com/view/photo/s_ratio_poster/public/p1784592701.jpg,https://movie.douban.com/subject/1929463/, / 少年Pi的奇幻漂流  /  漂流少年Pi,瑰丽壮观、无人能及的冒险之旅。,44,9.1,1335264人评价,少年派的奇幻漂流
导演: 阿兰·葛斯彭纳 Alain Gsponer   主演: 阿努克·斯特芬 Anuk Steffen /...,https://img9.doubanio.com/view/photo/s_ratio_poster/public/p2554525534.jpg,https://movie.douban.com/subject/25958717/, / 飘零燕(港)  /  海蒂,如果生活中有什么使你感到快乐，那就去做吧！不要管别人说什么。,45,9.3,597923人评价,海蒂和爷爷
导演: 罗曼·波兰斯基 Roman Polanski   主演: 艾德里安·布洛迪 Adrien Brod...,https://img2.doubanio.com/view/photo/s_ratio_poster/public/p1381339291.jpg,https://movie.douban.com/subject/1296736/, / 钢琴战曲(港)  /  战地琴人(台),音乐能化解仇恨。,46,9.3,627945人评价,钢琴家
导演: 刘镇伟 Jeffrey Lau   主演: 周星驰 Stephen Chow / 吴孟达 Man Tat Ng...,https://img2.doubanio.com/view/photo/s_ratio_poster/public/p2561721372.jpg,https://movie.douban.com/subject/1299398/, / 西游记101回月光宝盒  /  齐天大圣东游记,旷古烁今。,47,9.0,1207676人评价,大话西游之月光宝盒
导演: 宫崎骏 Hayao Miyazaki   主演: 田中真弓 Mayumi Tanaka / 横泽启子 Ke...,https://img1.doubanio.com/view/photo/s_ratio_poster/public/p2892380420.jpg,https://movie.douban.com/subject/1291583/, / 天空之城拉普他  /  空中城堡拉普他,对天空的追逐，永不停止。 ,48,9.2,811512人评价,天空之城
导演: 彼得·杰克逊 Peter Jackson   主演: 伊利亚·伍德 Elijah Wood / 西恩...,https://img9.doubanio.com/view/photo/s_ratio_poster/public/p2640236255.jpg,https://movie.douban.com/subject/1291572/, / 魔戒二部曲：双城奇谋  /  指环王II：双塔,承前启后的史诗篇章。,49,9.2,742806人评价,指环王2：双塔奇兵
导演: 马丁·布莱斯 Martin Brest   主演: 阿尔·帕西诺 Al Pacino / 克里斯...,https://img1.doubanio.com/view/photo/s_ratio_poster/public/p2550757929.jpg,https://movie.douban.com/subject/1298624/, / 女人香  /  女人的芳香,史上最美的探戈。,50,9.1,871990人评价,闻香识女人
导演: 威廉·惠勒 William Wyler   主演: 奥黛丽·赫本 Audrey Hepburn / 格...,https://img9.doubanio.com/view/photo/s_ratio_poster/public/p2189265085.jpg,https://movie.douban.com/subject/1293839/, / 金枝玉叶(港)  /  罗马假期(台),爱情哪怕只有一天。,51,9.1,939561人评价,罗马假日
导演: 朱塞佩·托纳多雷 Giuseppe Tornatore   主演: 菲利普·努瓦雷 Philipp...,https://img1.doubanio.com/view/photo/s_ratio_poster/public/p2653054340.jpg,https://movie.douban.com/subject/1291828/, / 星光伴我心(港)  /  新天堂乐园(台),那些吻戏，那些青春，都在影院的黑暗里被泪水冲刷得无比清晰。,52,9.2,672880人评价,天堂电影院
导演: 彼得·威尔 Peter Weir   主演: 罗宾·威廉姆斯 Robin Williams / 罗伯...,https://img1.doubanio.com/view/photo/s_ratio_poster/public/p2575465690.jpg,https://movie.douban.com/subject/1291548/, / 暴雨骄阳(港)  /  春风化雨(台),当一个死水般的体制内出现一个活跃的变数时，所有的腐臭都站在了光明的对面。,53,9.2,713868人评价,死亡诗社
导演: 彼得·法雷里 Peter Farrelly   主演: 维果·莫腾森 Viggo Mortensen /...,https://img2.doubanio.com/view/photo/s_ratio_poster/public/p2531065411.jpg,https://movie.douban.com/subject/27060077/, / 绿簿旅友(港)  /  幸福绿皮书(台),去除成见，需要勇气。,54,8.9,1625842人评价,绿皮书
导演: 万籁鸣 Laiming Wan   主演: 邱岳峰 Yuefeng Qiu / 富润生 Runsheng Fu...,https://img1.doubanio.com/view/photo/s_ratio_poster/public/p2184505167.jpg,https://movie.douban.com/subject/1418019/, / 大闹天宫 上下集  /  The Monkey King,经典之作，历久弥新。,55,9.4,430663人评价,大闹天宫
导演: 彼得·杰克逊 Peter Jackson   主演: 伊利亚·伍德 Elijah Wood / 西恩...,https://img9.doubanio.com/view/photo/s_ratio_poster/public/p2197698335.jpg,https://movie.douban.com/subject/1291571/, / 指环王1：魔戒再现  /  指环王I：护戒使者,传说的开始。,56,9.1,835752人评价,指环王1：护戒使者
导演: 安迪·沃卓斯基 Andy Wachowski / 拉娜·沃卓斯基 Lana Wachowski   主...,https://img1.doubanio.com/view/photo/s_ratio_poster/public/p451926968.jpg,https://movie.douban.com/subject/1291843/, / 22世纪杀人网络(港)  /  廿二世纪杀人网络(港),视觉革命。,57,9.1,827950人评价,黑客帝国
导演: 弗朗西斯·福特·科波拉 Francis Ford Coppola   主演: 阿尔·帕西诺 A...,https://img1.doubanio.com/view/photo/s_ratio_poster/public/p2194138787.jpg,https://movie.douban.com/subject/1299131/, / 教父续集(港)  /  教父II,优雅的孤独。,58,9.3,544563人评价,教父2
导演: Roger Allers / 罗伯·明可夫 Rob Minkoff   主演: 乔纳森·泰勒·托马...,https://img1.doubanio.com/view/photo/s_ratio_poster/public/p726659067.jpg,https://movie.douban.com/subject/1301753/, / 狮子王3D,动物版《哈姆雷特》。,59,9.1,827800人评价,狮子王
导演: 杨宇硕 Woo-seok Yang   主演: 宋康昊 Kang-ho Song / 金英爱 Yeong-ae...,https://img9.doubanio.com/view/photo/s_ratio_poster/public/p2158166535.jpg,https://movie.douban.com/subject/21937445/, / 逆权大状(港)  /  正义辩护人(台),电影的现实意义大过电影本身。,60,9.2,583074人评价,辩护人
导演: 李安 Ang Lee   主演: 郎雄 Sihung Lung / 杨贵媚 Kuei-Mei Yang / 吴...,https://img2.doubanio.com/view/photo/s_ratio_poster/public/p1910899751.jpg,https://movie.douban.com/subject/1291818/, / Eat Drink Man Woman,人生不能像做菜，把所有的料都准备好了才下锅。,61,9.2,612838人评价,饮食男女
导演: 大卫·芬奇 David Fincher   主演: 爱德华·诺顿 Edward Norton / 布拉...,https://img2.doubanio.com/view/photo/s_ratio_poster/public/p1910931622.jpg,https://movie.douban.com/subject/1292000/, / 搏击会(港)  /  斗阵俱乐部(台),邪恶与平庸蛰伏于同一个母体，在特定的时间互相对峙。,62,9.0,836258人评价,搏击俱乐部
导演: 朗·霍华德 Ron Howard   主演: 罗素·克劳 Russell Crowe / 艾德·哈...,https://img1.doubanio.com/view/photo/s_ratio_poster/public/p1665997400.jpg,https://movie.douban.com/subject/1306029/, / 有你终生美丽(港)  /  美丽境界(台),爱是一切逻辑和原由。,63,9.1,760408人评价,美丽心灵
导演: 大卫·芬奇 David Fincher   主演: 凯特·布兰切特 Cate Blanchett / ...,https://img2.doubanio.com/view/photo/s_ratio_poster/public/p2192535722.jpg,https://movie.douban.com/subject/1485260/, / 奇幻逆缘(港)  /  班杰明的奇幻旅程(台),在时间之河里感受溺水之苦。,64,9.0,970695人评价,本杰明·巴顿奇事
导演: 马克·赫尔曼 Mark Herman   主演: 阿萨·巴特菲尔德 Asa Butterfield ...,https://img2.doubanio.com/view/photo/s_ratio_poster/public/p1473670352.jpg,https://movie.douban.com/subject/3008247/, / 穿条纹衣服的男孩  /  穿条纹衣的男孩,尽管有些不切实际的幻想，这部电影依旧是一部感人肺腑的佳作。,65,9.2,556052人评价,穿条纹睡衣的男孩
导演: 弗洛里安·亨克尔·冯·多纳斯马尔克 Florian Henckel von Donnersmarck  &n...,https://img1.doubanio.com/view/photo/s_ratio_poster/public/p1808872109.jpg,https://movie.douban.com/subject/1900841/, / 窃听者(港)  /  他人的生活,别样人生。,66,9.2,558077人评价,窃听风暴
导演: 岩井俊二 Shunji Iwai   主演: 中山美穗 Miho Nakayama / 丰川悦司 Ets...,https://img1.doubanio.com/view/photo/s_ratio_poster/public/p2648230660.jpg,https://movie.douban.com/subject/1292220/, / When I Close My Eyes  /  Letters of Love,暗恋的极致。,67,8.9,1097635人评价,情书
导演: Guy Ritchie   主演: Jason Flemyng / Dexter Fletcher / Nick Moran,https://img1.doubanio.com/view/photo/s_ratio_poster/public/p792443418.jpg,https://movie.douban.com/subject/1293350/, / 够姜四小强(港)  /  两根枪管(台),4个臭皮匠顶个诸葛亮，盖·里奇果然不是盖的。,68,9.1,588790人评价,两杆大烟枪
导演: 朱塞佩·托纳多雷 Giuseppe Tornatore   主演: 莫妮卡·贝鲁奇 Monica ...,https://img1.doubanio.com/view/photo/s_ratio_poster/public/p2441988159.jpg,https://movie.douban.com/subject/1292402/, / 真爱伴我行(台)  /  玛莲娜,美丽无罪。,69,8.9,964211人评价,西西里的美丽传说
导演: 罗伯特·怀斯 Robert Wise   主演: 朱莉·安德鲁斯 Julie Andrews / 克...,https://img1.doubanio.com/view/photo/s_ratio_poster/public/p453788577.jpg,https://movie.douban.com/subject/1294408/, / 仙乐飘飘处处闻(港)  /  真善美(台),用音乐化解仇恨，让歌声串起美好。,70,9.1,593990人评价,音乐之声
导演: 奥里奥尔·保罗 Oriol Paulo   主演: 马里奥·卡萨斯 Mario Casas / 阿...,https://img9.doubanio.com/view/photo/s_ratio_poster/public/p2498971355.jpg,https://movie.douban.com/subject/26580232/, / 死无对证(港)  /  布局(台),你以为你以为的就是你以为的。,71,8.8,1240750人评价,看不见的客人
导演: 詹姆斯·卡梅隆 James Cameron   主演: 萨姆·沃辛顿 Sam Worthington ...,https://img1.doubanio.com/view/photo/s_ratio_poster/public/p2180085848.jpg,https://movie.douban.com/subject/1652587/, / ,绝对意义上的美轮美奂。,72,8.8,1405418人评价,阿凡达
导演: 史蒂文·斯皮尔伯格 Steven Spielberg   主演: 汤姆·汉克斯 Tom Hanks...,https://img9.doubanio.com/view/photo/s_ratio_poster/public/p1014542496.jpg,https://movie.douban.com/subject/1292849/, / 雷霆救兵(港)  /  抢救雷恩大兵(台),美利坚精神输出大片No1.,73,9.1,639083人评价,拯救大兵瑞恩
导演: 马基德·马基迪 Majid Majidi   主演: 默罕默德·阿米尔·纳吉 Mohamma...,https://img9.doubanio.com/view/photo/s_ratio_poster/public/p2165511465.jpg,https://movie.douban.com/subject/1303021/, / 天堂的孩子  /  小童鞋,奔跑的孩子是天使。,74,9.2,406178人评价,小鞋子
导演: 米洛斯·福尔曼 Miloš Forman   主演: 杰克·尼科尔森 Jack Nichols...,https://img1.doubanio.com/view/photo/s_ratio_poster/public/p792238287.jpg,https://movie.douban.com/subject/1292224/, / 飞越杜鹃窝(台)  /  飞越喜鹊巢,自由万岁。,75,9.1,540335人评价,飞越疯人院
导演: 大卫·叶茨 David Yates   主演: 丹尼尔·雷德克里夫 Daniel Radcliffe...,https://img2.doubanio.com/view/photo/s_ratio_poster/public/p917846733.jpg,https://movie.douban.com/subject/3011235/, / 哈利波特7：死神的圣物2(港 / 台) ,10年的完美句点。,76,9.0,818671人评价,哈利·波特与死亡圣器(下)
导演: 乔纳森·戴米 Jonathan Demme   主演: 朱迪·福斯特 Jodie Foster / 安...,https://img1.doubanio.com/view/photo/s_ratio_poster/public/p1593414327.jpg,https://movie.douban.com/subject/1293544/, / 沉默的羔羊,安东尼·霍普金斯的顶级表演。,77,8.9,876696人评价,沉默的羔羊
导演: 韦斯·安德森 Wes Anderson   主演: 拉尔夫·费因斯 Ralph Fiennes / ...,https://img2.doubanio.com/view/photo/s_ratio_poster/public/p2178872593.jpg,https://movie.douban.com/subject/11525673/, / 布达佩斯大酒店(港)  /  欢迎来到布达佩斯大饭店(台),小清新的故事里注入了大历史的情怀。,78,8.9,917234人评价,布达佩斯大饭店
导演: Martin Scorsese   主演: 莱昂纳多·迪卡普里奥 Leonardo DiCaprio / ...,https://img1.doubanio.com/view/photo/s_ratio_poster/public/p450262388.jpg,https://movie.douban.com/subject/2334904/, / 不赦岛(港)  /  隔离岛(台),昔日翩翩少年，今日大腹便便。,79,8.9,961294人评价,禁闭岛
导演: 埃里克·布雷斯 Eric Bress / J·麦基·格鲁伯 J. Mackye Gruber   主...,https://img1.doubanio.com/view/photo/s_ratio_poster/public/p2209066019.jpg,https://movie.douban.com/subject/1292343/, / 蝴蝶效应,人的命运被自己瞬间的抉择改变。,80,8.9,924782人评价,蝴蝶效应
导演: 克里斯托弗·诺兰 Christopher Nolan   主演: 休·杰克曼 Hugh Jackman...,https://img9.doubanio.com/view/photo/s_ratio_poster/public/p480383375.jpg,https://movie.douban.com/subject/1780330/, / 死亡魔法(港)  /  顶尖对决(台),孪生蝙蝠侠大战克隆金刚狼。,81,8.9,845565人评价,致命魔术
导演: 周星驰 Stephen Chow   主演: 周星驰 Stephen Chow / 元秋 Qiu Yuen / ...,https://img1.doubanio.com/view/photo/s_ratio_poster/public/p2219011938.jpg,https://movie.douban.com/subject/1291543/, / 功夫3D  /  Kung Fu Hustle,警恶惩奸，维护世界和平这个任务就交给你了，好吗？,82,8.8,1110694人评价,功夫
导演: 格斯·范·桑特 Gus Van Sant   主演: 马特·达蒙 Matt Damon / 罗宾·...,https://img9.doubanio.com/view/photo/s_ratio_poster/public/p480965695.jpg,https://movie.douban.com/subject/1292656/, / 骄阳似我(港)  /  心灵捕手,人生中应该拥有这样的一段豁然开朗。,83,8.9,702899人评价,心灵捕手
导演: 路易·西霍尤斯 Louie Psihoyos   主演: Richard O'Barry / 路易·西霍...,https://img1.doubanio.com/view/photo/s_ratio_poster/public/p2559579779.jpg,https://movie.douban.com/subject/3442220/, / 血色海湾(台)  /  海湾,海豚的微笑，是世界上最高明的伪装。,84,9.3,354270人评价,海豚湾
导演: Alfonso Cuarón   主演: 丹尼尔·雷德克里夫 Daniel Radcliffe / Emma...,https://img1.doubanio.com/view/photo/s_ratio_poster/public/p1910812549.jpg,https://movie.douban.com/subject/1291544/, / 哈利波特3：阿兹卡班的逃犯(港 / 台) ,不一样的导演，不一样的哈利·波特。,85,8.9,715105人评价,哈利·波特与阿兹卡班的囚徒
导演: 昆汀·塔伦蒂诺 Quentin Tarantino   主演: 约翰·特拉沃尔塔 John Tra...,https://img2.doubanio.com/view/photo/s_ratio_poster/public/p1910902213.jpg,https://movie.douban.com/subject/1291832/, / 危险人物(港)  /  黑色追缉令(台),故事的高级讲法。,86,8.9,823696人评价,低俗小说
导演: 王家卫 Kar Wai Wong   主演: 张国荣 Leslie Cheung / 梁朝伟 Tony Leu...,https://img2.doubanio.com/view/photo/s_ratio_poster/public/p465939041.jpg,https://movie.douban.com/subject/1292679/, / 一起快乐  /  Happy Together,爱情纠缠，男女一致。,87,9.0,625100人评价,春光乍泄
导演: 赛尔乔·莱翁内 Sergio Leone   主演: 罗伯特·德尼罗 Robert De Niro ...,https://img1.doubanio.com/view/photo/s_ratio_poster/public/p477229647.jpg,https://movie.douban.com/subject/1292262/, / 四海兄弟(台)  /  义薄云天(港),往事如烟，无处祭奠。,88,9.2,406794人评价,美国往事
导演: 查理·卓别林 Charles Chaplin   主演: 查理·卓别林 Charles Chaplin ...,https://img1.doubanio.com/view/photo/s_ratio_poster/public/p2263408369.jpg,https://movie.douban.com/subject/1294371/, / The Masses  /  Les Temps modernes,大时代中的人生，小人物的悲喜。,89,9.3,296574人评价,摩登时代
导演: 托尼·凯耶 Tony Kaye   主演: 艾德里安·布洛迪 Adrien Brody / 马西...,https://img2.doubanio.com/view/photo/s_ratio_poster/public/p1305562621.jpg,https://movie.douban.com/subject/5322596/, / 人间师格(台),穷尽一生，我们要学会的，不过是彼此拥抱。,90,9.0,587845人评价,超脱
导演: 周星驰 Stephen Chow / 李力持 Lik-Chi Lee   主演: 周星驰 Stephen Ch...,https://img1.doubanio.com/view/photo/s_ratio_poster/public/p2579932167.jpg,https://movie.douban.com/subject/1302425/, / King of Comedy,我是一个演员。,91,8.8,957528人评价,喜剧之王
导演: 詹姆斯·曼高德 James Mangold   主演: 约翰·库萨克 John Cusack / 雷...,https://img9.doubanio.com/view/photo/s_ratio_poster/public/p2558364386.jpg,https://movie.douban.com/subject/1297192/, / 杀人游戏  /  致命身份,最不可能的那个人永远是最可能的。,92,8.9,812214人评价,致命ID
导演: 奉俊昊 Joon-ho Bong   主演: 宋康昊 Kang-ho Song / 金相庆 Sang-kyun...,https://img1.doubanio.com/view/photo/s_ratio_poster/public/p1633113220.jpg,https://movie.douban.com/subject/1300299/, / 谋杀回忆  /  杀手回忆录,关于连环杀人悬案的集体回忆。,93,8.9,702130人评价,杀人回忆
导演: 大卫·芬奇 David Fincher   主演: 摩根·弗里曼 Morgan Freeman / 布...,https://img9.doubanio.com/view/photo/s_ratio_poster/public/p2219586434.jpg,https://movie.douban.com/subject/1292223/, / 火线追缉令(台)  /  7宗罪,警察抓小偷，老鼠玩死猫。,94,8.8,932263人评价,七宗罪
导演: 今敏 Satoshi Kon   主演: 林原惠美 Megumi Hayashibara / 江守彻 Toru...,https://img1.doubanio.com/view/photo/s_ratio_poster/public/p456825720.jpg,https://movie.douban.com/subject/1865703/, / 盗梦侦探(港 / 台) ,梦的勾结。,95,9.1,455626人评价,红辣椒
导演: 戈尔·维宾斯基 Gore Verbinski   主演: 约翰尼·德普 Johnny Depp / ...,https://img9.doubanio.com/view/photo/s_ratio_poster/public/p1596085504.jpg,https://movie.douban.com/subject/1298070/, / 加勒比海盗1：黑珍珠号的诅咒  /  神鬼奇航：鬼盗船魔咒(台),约翰尼·德普的独角戏。,96,8.8,846445人评价,加勒比海盗
导演: Chris Columbus   主演: 丹尼尔·雷德克里夫 Daniel Radcliffe / 艾玛...,https://img1.doubanio.com/view/photo/s_ratio_poster/public/p1082651990.jpg,https://movie.douban.com/subject/1296996/, / 哈利波特2：消失的密室(港 / 台) ,魔法的密室之门已打开...,97,8.8,742603人评价,哈利·波特与密室
导演: 托马斯·温特伯格 Thomas Vinterberg   主演: 麦斯·米科尔森 Mads Mik...,https://img1.doubanio.com/view/photo/s_ratio_poster/public/p1546987967.jpg,https://movie.douban.com/subject/6985810/, / 诬网(港)  /  谎言的烙印(台),人言可畏。,98,9.1,384045人评价,狩猎
导演: 杨德昌 Edward Yang   主演: 吴念真 / 李凯莉 Kelly Lee / 金燕玲 Elai...,https://img2.doubanio.com/view/photo/s_ratio_poster/public/p2567845803.jpg,https://movie.douban.com/subject/1292434/, / Yi yi  /  Yi yi: A One and a Two,我们都曾经是一一。,99,9.1,386172人评价,一一
导演: 李焕庆 Hwan-kyeong Lee   主演: 柳承龙 Seung-yong Ryoo / 朴信惠 Shi...,https://img9.doubanio.com/view/photo/s_ratio_poster/public/p1816276065.jpg,https://movie.douban.com/subject/10777687/, / 戆爸的礼物(港)  /  7号囚房的礼物,《我是山姆》的《美丽人生》。,100,8.9,550719人评价,7号房的礼物
导演: 中岛哲也 Tetsuya Nakashima   主演: 中谷美纪 Miki Nakatani / 瑛太 E...,https://img9.doubanio.com/view/photo/s_ratio_poster/public/p884763596.jpg,https://movie.douban.com/subject/1787291/, / 花样奇缘(港)  /  令人讨厌的松子的一生(台),以戏谑来戏谑戏谑。,101,8.9,696637人评价,被嫌弃的松子的一生
导演: 李力持 Lik-Chi Lee   主演: 周星驰 Stephen Chow / 巩俐 Li Gong / 陈...,https://img9.doubanio.com/view/photo/s_ratio_poster/public/p2357915564.jpg,https://movie.douban.com/subject/1306249/, / Flirting Scholar,华太师是黄霑，吴镇宇四大才子之一。,102,8.7,1064619人评价,唐伯虎点秋香
导演: 卢卡·瓜达尼诺 Luca Guadagnino   主演: 艾米·汉莫 Armie Hammer / ...,https://img1.doubanio.com/view/photo/s_ratio_poster/public/p2505525050.jpg,https://movie.douban.com/subject/26799731/, / 以你的名字呼唤我(港 / 台) ,沉醉在电影的情感和视听氛围中无法自拔。,103,8.9,712199人评价,请以你的名字呼唤我
导演: 李安 Ang Lee   主演: 希斯·莱杰 Heath Ledger / 杰克·吉伦哈尔 Jake...,https://img1.doubanio.com/view/photo/s_ratio_poster/public/p2604889017.jpg,https://movie.douban.com/subject/1418834/, / 断臂山  /  BBM,每个人心中都有一座断背山。,104,8.8,700303人评价,断背山
导演: 蒂姆·波顿 Tim Burton   主演: 约翰尼·德普 Johnny Depp / 薇诺娜·...,https://img1.doubanio.com/view/photo/s_ratio_poster/public/p480956937.jpg,https://movie.douban.com/subject/1292370/, / 幻海奇缘(港)  /  剪刀手爱德华,浪漫忧郁的成人童话。,105,8.7,1024748人评价,剪刀手爱德华
导演: 泷田洋二郎 Yôjirô Takita   主演: 本木雅弘 Masahiro Motoki / ...,https://img9.doubanio.com/view/photo/s_ratio_poster/public/p2707581855.jpg,https://movie.douban.com/subject/2149806/, / 礼仪师之奏鸣曲(港)  /  礼仪师(台),死可能是一道门，逝去并不是终结，而是超越，走向下一程。,106,8.9,656974人评价,入殓师
导演: 理查德·林克莱特 Richard Linklater   主演: 伊桑·霍克 Ethan Hawke ...,https://img9.doubanio.com/view/photo/s_ratio_poster/public/p2555762374.jpg,https://movie.douban.com/subject/1296339/, / 情留半天(港)  /  爱在黎明破晓时(台),缘分是个连绵词，最美不过一瞬。,107,8.8,672388人评价,爱在黎明破晓前
导演: 梅尔·吉布森 Mel Gibson   主演: 梅尔·吉布森 Mel Gibson / 苏菲·玛...,https://img1.doubanio.com/view/photo/s_ratio_poster/public/p2004174709.jpg,https://movie.douban.com/subject/1294639/, / 惊世未了缘(港)  /  梅尔吉勃逊之英雄本色(台),史诗大片的典范。,108,8.9,554502人评价,勇敢的心
导演: M·奈特·沙马兰 M. Night Shyamalan   主演: 布鲁斯·威利斯 Bruce Wi...,https://img9.doubanio.com/view/photo/s_ratio_poster/public/p2220184425.jpg,https://movie.douban.com/subject/1297630/, / 鬼眼(港)  /  灵异第六感(台),深入内心的恐怖，出人意料的结局。,109,8.9,548892人评价,第六感
导演: 王家卫 Kar Wai Wong   主演: 林青霞 Brigitte Lin / 金城武 Takeshi K...,https://img2.doubanio.com/view/photo/s_ratio_poster/public/p792381411.jpg,https://movie.douban.com/subject/1291999/, / Chungking Express,寂寞没有期限。,110,8.8,800049人评价,重庆森林
导演: 克里斯托弗·诺兰 Christopher Nolan   主演: 克里斯蒂安·贝尔 Christ...,https://img9.doubanio.com/view/photo/s_ratio_poster/public/p1706428744.jpg,https://movie.douban.com/subject/3395373/, / 蝙蝠侠前传3：黑暗骑士崛起  /  黑暗骑士：黎明升起(台),诺兰就是保证。,111,8.8,709504人评价,蝙蝠侠：黑暗骑士崛起
导演: 宫崎骏 Hayao Miyazaki   主演: 松田洋治 Yôji Matsuda / 石田百合...,https://img9.doubanio.com/view/photo/s_ratio_poster/public/p1613191025.jpg,https://movie.douban.com/subject/1297359/, / 魔法公主(港)  /  魔法公主(台),人与自然的战争史诗。,112,8.9,516992人评价,幽灵公主
导演: 唐·霍尔 Don Hall / 克里斯·威廉姆斯 Chris Williams   主演: 斯科特...,https://img2.doubanio.com/view/photo/s_ratio_poster/public/p2614500883.jpg,https://movie.douban.com/subject/11026735/, / 大英雄联盟(港)  /  大英雄天团(台),Balalala~~~,113,8.7,998100人评价,超能陆战队
导演: 理查德·林克莱特 Richard Linklater   主演: 伊桑·霍克 Ethan Hawke ...,https://img1.doubanio.com/view/photo/s_ratio_poster/public/p2561542458.jpg,https://movie.douban.com/subject/1291990/, / 日落巴黎(港)  /  爱在日落巴黎时(台),九年后的重逢是世俗和责任的交叠，没了悸动和青涩，沧桑而温暖。,114,8.9,551696人评价,爱在日落黄昏时
导演: 北野武 Takeshi Kitano   主演: 北野武 Takeshi Kitano / 关口雄介 Yus...,https://img9.doubanio.com/view/photo/s_ratio_poster/public/p2620392435.jpg,https://movie.douban.com/subject/1293359/, / 菊次郎之夏  /  Kikujirô no natsu,从没见过那么流氓的温柔，从没见过那么温柔的流氓。,115,8.9,588016人评价,菊次郎的夏天
导演: 陈可辛 Peter Chan   主演: 黎明 Leon Lai / 张曼玉 Maggie Cheung / ...,https://img9.doubanio.com/view/photo/s_ratio_poster/public/p2223011274.jpg,https://movie.douban.com/subject/1305164/, / Comrades: Almost a Love Story,相逢只要一瞬间，等待却像是一辈子。,116,8.9,543049人评价,甜蜜蜜
导演: 让-皮埃尔·热内 Jean-Pierre Jeunet   主演: 奥黛丽·塔图 Audrey Tau...,https://img2.doubanio.com/view/photo/s_ratio_poster/public/p2447590313.jpg,https://movie.douban.com/subject/1292215/, / 艾蜜莉的异想世界(台)  /  天使艾米莉,法式小清新。 ,117,8.7,948538人评价,天使爱美丽
导演: 姜文 Wen Jiang   主演: 夏雨 Yu Xia / 宁静 Jing Ning / 陶虹 Hong Tao,https://img9.doubanio.com/view/photo/s_ratio_poster/public/p2564685215.jpg,https://movie.douban.com/subject/1291875/, / In the Heat of the Sun,一场华丽的意淫。,118,8.9,607460人评价,阳光灿烂的日子
导演: 森淳一 Junichi Mori   主演: 桥本爱 Ai Hashimoto / 三浦贵大 Takahir...,https://img2.doubanio.com/view/photo/s_ratio_poster/public/p2564498893.jpg,https://movie.douban.com/subject/25814705/, / 小森食光 / 夏秋篇(台) ,那些静得只能听见呼吸的日子里，你明白孤独即生活。,119,9.0,420795人评价,小森林 夏秋篇
导演: 米林宏昌 Hiromasa Yonebayashi   主演: 志田未来 Mirai Shida / 神木...,https://img9.doubanio.com/view/photo/s_ratio_poster/public/p617533616.jpg,https://movie.douban.com/subject/4202302/, / 借物少女艾莉缇(台)  /  借东西的小矮人亚莉亚蒂(港),曾经的那段美好会沉淀为一辈子的记忆。,120,8.9,545635人评价,借东西的小人阿莉埃蒂
导演: 克林特·伊斯特伍德 Clint Eastwood   主演: 凯文·科斯特纳 Kevin Cos...,https://img1.doubanio.com/view/photo/s_ratio_poster/public/p2190556408.jpg,https://movie.douban.com/subject/1300992/, / 强盗保镳,坏人的好总是比好人的好来得更感人。,121,9.1,310559人评价,完美的世界
导演: 是枝裕和 Hirokazu Koreeda   主演: 柳乐优弥 Yûya Yagira / 北浦爱...,https://img2.doubanio.com/view/photo/s_ratio_poster/public/p661160053.jpg,https://movie.douban.com/subject/1292337/, / 谁知赤子心(港)  /  无人知晓的夏日清晨(台),我的平常生活就是他人的幸福。,122,9.1,314541人评价,无人知晓
导演: 大卫·芬奇 David Fincher   主演: 本·阿弗莱克 Ben Affleck / 罗莎蒙...,https://img9.doubanio.com/view/photo/s_ratio_poster/public/p2221768894.jpg,https://movie.douban.com/subject/21318488/, / 失踪的女孩  /  失踪女孩,年度最佳date movie。,123,8.7,921436人评价,消失的爱人
导演: 程小东 Siu-Tung Ching   主演: 张国荣 Leslie Cheung / 王祖贤 Joey W...,https://img9.doubanio.com/view/photo/s_ratio_poster/public/p2414157745.jpg,https://movie.douban.com/subject/1297447/, / 倩女幽魂(87版)  /  倩女幽魂：妖魔道,两张绝世的脸。 ,124,8.8,728411人评价,倩女幽魂
导演: 奉俊昊 Joon-ho Bong   主演: 宋康昊 Kang-ho Song / 李善均 Seon-gyun...,https://img1.doubanio.com/view/photo/s_ratio_poster/public/p2561439800.jpg,https://movie.douban.com/subject/27010768/, / 寄生上流(台)  /  上流寄生族(港),,125,8.8,1352192人评价,寄生虫
导演: 理查德·柯蒂斯 Richard Curtis   主演: 多姆纳尔·格里森 Domhnall Gl...,https://img9.doubanio.com/view/photo/s_ratio_poster/public/p2070153774.jpg,https://movie.douban.com/subject/10577869/, / 回到最爱的一天(港)  /  真爱每一天(台),把每天当作最后一天般珍惜度过，积极拥抱生活，就是幸福。,126,8.8,657489人评价,时空恋旅人
导演: 近藤喜文 Yoshifumi Kondo   主演: 本名阳子 Youko Honna / 小林桂树 K...,https://img2.doubanio.com/view/photo/s_ratio_poster/public/p456692072.jpg,https://movie.douban.com/subject/1297052/, / 心之谷(台)  /  梦幻街少女(港),少女情怀总是诗。,127,8.9,456372人评价,侧耳倾听
导演: 森淳一 Junichi Mori   主演: 桥本爱 Ai Hashimoto / 三浦贵大 Takahir...,https://img1.doubanio.com/view/photo/s_ratio_poster/public/p2215147728.jpg,https://movie.douban.com/subject/25814707/, / 小森食光 / 冬春篇(台) ,尊敬他人，尊敬你生活的这片土地，明白孤独是人生的常态。,128,9.0,375609人评价,小森林 冬春篇
导演: 史蒂文·斯皮尔伯格 Steven Spielberg   主演: 汤姆·汉克斯 Tom Hanks...,https://img1.doubanio.com/view/photo/s_ratio_poster/public/p854757687.jpg,https://movie.douban.com/subject/1292274/, / 机场客运站(港)  /  航站情缘(台),有时候幸福需要等一等。 ,129,8.8,561971人评价,幸福终点站
导演: 迪恩·德布洛斯 Dean DeBlois / 克里斯·桑德斯 Chris Sanders   主演:...,https://img2.doubanio.com/view/photo/s_ratio_poster/public/p490385643.jpg,https://movie.douban.com/subject/2353023/, / 驯龙记(港),和谐的生活离不开摸头与被摸头。,130,8.8,746727人评价,驯龙高手
导演: 弗朗西斯·福特·科波拉 Francis Ford Coppola   主演: 阿尔·帕西诺 A...,https://img2.doubanio.com/view/photo/s_ratio_poster/public/p2169664351.jpg,https://movie.douban.com/subject/1294240/, / 教父第三集  /  教父 III,任何信念的力量，都无法改变命运。,131,9.0,368611人评价,教父3
导演: 汉内斯·赫尔姆 Hannes Holm   主演: 罗夫·拉斯加德 Rolf Lassgård...,https://img2.doubanio.com/view/photo/s_ratio_poster/public/p2406624993.jpg,https://movie.douban.com/subject/26628357/, / 明天别再来敲门(台)  /  想死冇咁易(港),惠及一生的美丽。,132,8.9,471997人评价,一个叫欧维的男人决定去死
导演: 今敏 Satoshi Kon   主演: 岩男润子 Junko Iwao / 松本梨香 Rica Matsu...,https://img2.doubanio.com/view/photo/s_ratio_poster/public/p1351050722.jpg,https://movie.douban.com/subject/1395091/, / 蓝色恐惧(港 / 台) ,好的剧本是，就算你猜到了结局也猜不到全部。,133,9.1,326306人评价,未麻的部屋
导演: 大森贵弘 Takahiro Omori   主演: 佐仓绫音 Ayane Sakura / 内山昂辉 K...,https://img2.doubanio.com/view/photo/s_ratio_poster/public/p1675053073.jpg,https://movie.douban.com/subject/5989818/, / 萤火之社  /  Hotarubi no mori e,触不到的恋人。,134,8.9,530861人评价,萤火之森
导演: 彼特·道格特 Pete Docter / 大卫·斯沃曼 David Silverman   主演: 约...,https://img1.doubanio.com/view/photo/s_ratio_poster/public/p2513247938.jpg,https://movie.douban.com/subject/1291579/, / 怪兽公司(港)  /  怪物公司,不要给它起名字，起了名字就有感情了。,135,8.8,660046人评价,怪兽电力公司
导演: 迈克·内威尔 Mike Newell   主演: 丹尼尔·雷德克里夫 Daniel Radclif...,https://img9.doubanio.com/view/photo/s_ratio_poster/public/p735391084.jpg,https://movie.douban.com/subject/1309055/, / 哈利波特4：火杯的考验(港 / 台) ,,136,8.8,647601人评价,哈利·波特与火焰杯
导演: 李·昂克里奇 Lee Unkrich   主演: 汤姆·汉克斯 Tom Hanks / 蒂姆·艾...,https://img1.doubanio.com/view/photo/s_ratio_poster/public/p1283675359.jpg,https://movie.douban.com/subject/1858711/, / 反斗奇兵3(港)  /  玩具的故事3,跨度十五年的欢乐与泪水。,137,8.9,507431人评价,玩具总动员3
导演: 乔·怀特 Joe Wright   主演: 凯拉·奈特莉 Keira Knightley / 马修·...,https://img1.doubanio.com/view/photo/s_ratio_poster/public/p2016401659.jpg,https://movie.douban.com/subject/1418200/, / 傲慢与偏见2005  /  Pride And Prejudice,爱是摈弃傲慢与偏见之后的曙光。,138,8.7,788033人评价,傲慢与偏见
导演: 朴勋政 Hoon-jung Park   主演: 李政宰 Jung-Jae Lee / 崔岷植 Min-sik...,https://img1.doubanio.com/view/photo/s_ratio_poster/public/p1903379979.jpg,https://movie.douban.com/subject/10437779/, / 暗黑新世界(台)  /  New World,要做就做得狠一点，这样才能活下去。,139,8.9,425587人评价,新世界
导演: 延尚昊 Sang-ho Yeon   主演: 孔侑 Yoo Gong / 郑有美 Yu-mi Jung / 马...,https://img1.doubanio.com/view/photo/s_ratio_poster/public/p2360940399.jpg,https://movie.douban.com/subject/25986180/, / 尸杀列车(港)  /  尸速列车(台),揭露人性的丧尸题材力作。,140,8.6,1183813人评价,釜山行
导演: 皮艾尔·柯芬 Pierre Coffin / 克里斯·雷纳德 Chris Renaud   主演: ...,https://img1.doubanio.com/view/photo/s_ratio_poster/public/p792776858.jpg,https://movie.douban.com/subject/3287562/, / 卑鄙的我  /  坏蛋奖门人(港),Mr. I Don't Care其实也有Care的时候。,141,8.7,936850人评价,神偷奶爸
导演: 昆汀·塔伦蒂诺 Quentin Tarantino   主演: 杰米·福克斯 Jamie Foxx /...,https://img1.doubanio.com/view/photo/s_ratio_poster/public/p1800813767.jpg,https://movie.douban.com/subject/6307447/, / 被解放的姜戈  /  决杀令(台),热血沸腾，那个低俗、性感的无耻混蛋又来了。,142,8.8,601090人评价,被解救的姜戈
导演: 亚当·艾略特 Adam Elliot   主演: 托妮·科莱特 Toni Collette / 菲利...,https://img9.doubanio.com/view/photo/s_ratio_poster/public/p488255145.jpg,https://movie.douban.com/subject/3072124/, / 巧克力情缘(台)  /  同是天涯寂寞客,你是我最好的朋友，你是我唯一的朋友 。,143,9.0,418606人评价,玛丽和马克思
导演: 中岛哲也 Tetsuya Nakashima   主演: 松隆子 Takako Matsu / 冈田将生 ...,https://img9.doubanio.com/view/photo/s_ratio_poster/public/p689520756.jpg,https://movie.douban.com/subject/4268598/, / 自白  /  母亲,没有一人完全善，也没有一人完全恶。,144,8.8,665245人评价,告白
导演: 蒂姆·波顿 Tim Burton   主演: 伊万·麦克格雷格 Ewan McGregor / 阿...,https://img9.doubanio.com/view/photo/s_ratio_poster/public/p692813374.jpg,https://movie.douban.com/subject/1291545/, / 大鱼奇缘(港)  /  大智若鱼(台),抱着梦想而活着的人是幸福的，怀抱梦想而死去的人是不朽的。,145,8.8,562739人评价,大鱼
导演: 王树忱 Shuchen Wang / 严定宪 Dingxian Yan   主演: 梁正晖 Zhenghui ...,https://img9.doubanio.com/view/photo/s_ratio_poster/public/p2532803206.jpg,https://movie.douban.com/subject/1307315/, / Prince Nezha's Triumph Against Dragon King  /  Nezha Conquers the Dragon King,想你时你在闹海。,146,9.2,255504人评价,哪吒闹海
导演: 刘镇伟 Jeffrey Lau   主演: 梁朝伟 Tony Leung Chiu Wai / 林青霞 Bri...,https://img2.doubanio.com/view/photo/s_ratio_poster/public/p2609063922.jpg,https://movie.douban.com/subject/1316510/, / 东成西就  /  大英雄 (日本),百看不厌。 ,147,8.7,629119人评价,射雕英雄传之东成西就
导演: 李安 Ang Lee   主演: 赵文瑄 Winston Chao / 归亚蕾 Ya-lei Kuei / 郎...,https://img1.doubanio.com/view/photo/s_ratio_poster/public/p2249048907.jpg,https://movie.douban.com/subject/1303037/, / The Wedding Banquet,中国家庭的喜怒哀乐忍。,148,9.0,356672人评价,喜宴
导演: 史蒂文·斯皮尔伯格 Steven Spielberg   主演: 泰伊·谢里丹 Tye Sheri...,https://img1.doubanio.com/view/photo/s_ratio_poster/public/p2516578307.jpg,https://movie.douban.com/subject/4920389/, / 玩家一号  /  挑战者1号(港),写给影迷，动漫迷和游戏迷的一封情书。,149,8.7,1351864人评价,头号玩家
导演: 莫滕·泰杜姆 Morten Tyldum   主演: 本尼迪克特·康伯巴奇 Benedict C...,https://img2.doubanio.com/view/photo/s_ratio_poster/public/p2255040492.jpg,https://movie.douban.com/subject/10463953/, / 解码游戏(港)  /  模拟游戏,他给机器起名“克里斯托弗”，因为这是他初恋的名字。,150,8.8,638280人评价,模仿游戏
导演: 姜炯哲 Hyeong-Cheol Kang   主演: 沈恩京 Eun-kyung Shim / 闵孝琳 Hy...,https://img1.doubanio.com/view/photo/s_ratio_poster/public/p1374786017.jpg,https://movie.douban.com/subject/4917726/, / 阳光姊妹淘(港)  /  桑尼,再多各自牛逼的时光，也比不上一起傻逼的岁月。 ,151,8.8,585635人评价,阳光姐妹淘
导演: 杰茜·尼尔森 Jessie Nelson   主演: Sean Penn / Dakota Fanning / Mi...,https://img9.doubanio.com/view/photo/s_ratio_poster/public/p652417775.jpg,https://movie.douban.com/subject/1306861/, / 不一样的爸爸(港)  /  他不笨，他是我爸爸(台),爱并不需要智商 。,152,9.0,333705人评价,我是山姆
导演: 谢添 Tian Xie   主演: 于是之 Shizhi Yu / 郑榕 Rong Zhen / 蓝天野 T...,https://img9.doubanio.com/view/photo/s_ratio_poster/public/p2528965424.jpg,https://movie.douban.com/subject/1461403/, / The Teahouse,,153,9.6,139961人评价,茶馆
导演: 王晶 Jing Wong   主演: 周星驰 Stephen Chow / 吴孟达 Man Tat Ng / ...,https://img1.doubanio.com/view/photo/s_ratio_poster/public/p648370300.jpg,https://movie.douban.com/subject/1297518/, / 九品芝麻官之白面包青天  /  Hail the Judge,,154,8.7,666380人评价,九品芝麻官
导演: 王家卫 Kar Wai Wong   主演: 梁朝伟 Tony Leung Chiu Wai / 张曼玉 Ma...,https://img9.doubanio.com/view/photo/s_ratio_poster/public/p1910828286.jpg,https://movie.douban.com/subject/1291557/, / In the Mood for Love,偷情本没有这样美。,155,8.7,598380人评价,花样年华
导演: 金秉祐 Byeong-woo Kim   主演: 河正宇 Jung-woo Ha / 李璟荣 Kyeong-y...,https://img9.doubanio.com/view/photo/s_ratio_poster/public/p2016930906.jpg,https://movie.douban.com/subject/21360417/, / 死亡“动”新闻(港)  /  恐怖攻击直播(台),恐怖分子的“秋菊打官司”。,156,8.7,644017人评价,恐怖直播
导演: 梅尔·吉布森 Mel Gibson   主演: 安德鲁·加菲尔德 Andrew Garfield /...,https://img1.doubanio.com/view/photo/s_ratio_poster/public/p2398141939.jpg,https://movie.douban.com/subject/26325320/, / 钢锯岭  /  钢铁英雄(台),优秀的战争片不会美化战场，不会粉饰死亡，不会矮化敌人，不会无视常识，最重要的，不会宣扬战争。,157,8.7,775007人评价,血战钢锯岭
导演: 李安 Ang Lee   主演: 梁朝伟 Tony Leung Chiu Wai / 汤唯 Wei Tang / ...,https://img9.doubanio.com/view/photo/s_ratio_poster/public/p453716305.jpg,https://movie.douban.com/subject/1828115/, / 色|戒  /  色·戒,假戏真情，爱欲深海,158,8.7,792806人评价,色，戒
导演: 黑泽明 Akira Kurosawa   主演: 三船敏郎 Toshirô Mifune / 志村乔 ...,https://img9.doubanio.com/view/photo/s_ratio_poster/public/p2215886505.jpg,https://movie.douban.com/subject/1295399/, / 七侠四义(港)  /  七剑客(港),时代悲歌。,159,9.3,195107人评价,七武士
导演: 彼特·道格特 Pete Docter / 罗纳尔多·德尔·卡门 Ronaldo Del Carmen  &nb...,https://img9.doubanio.com/view/photo/s_ratio_poster/public/p2266293606.jpg,https://movie.douban.com/subject/10533913/, / 玩转脑朋友(港)  /  脑筋急转弯(台),愿我们都不用长大，每一座城堡都能永远存在。,160,8.8,602151人评价,头脑特工队
导演: 阿尔弗雷德·希区柯克 Alfred Hitchcock   主演: 安东尼·博金斯 Antho...,https://img9.doubanio.com/view/photo/s_ratio_poster/public/p1021883305.jpg,https://movie.douban.com/subject/1293181/, / 精神病患者  /  触目惊心(港),故事的反转与反转，分裂电影的始祖。,161,9.0,288024人评价,惊魂记
导演: 拉娜·沃卓斯基 Lana Wachowski / 莉莉·沃卓斯基 Lilly Wachowski   ...,https://img1.doubanio.com/view/photo/s_ratio_poster/public/p443461818.jpg,https://movie.douban.com/subject/1302467/, / 22世纪杀人网络3：惊变世纪(港)  /  骇客任务完结篇：最后战役(台),不得不说，《黑客帝国》系列是商业片与科幻、哲学完美结合的典范。,162,8.8,441684人评价,黑客帝国3：矩阵革命
导演: 新海诚 Makoto Shinkai   主演: 神木隆之介 Ryûnosuke Kamiki / 上...,https://img1.doubanio.com/view/photo/s_ratio_poster/public/p2395733377.jpg,https://movie.douban.com/subject/26683290/, / 你的名字  /  君之名,穿越错位的时空，仰望陨落的星辰，你没留下你的名字，我却无法忘记那句“我爱你”。,163,8.5,1389626人评价,你的名字。
导演: 詹姆斯·温 James Wan   主演: 雷·沃纳尔 Leigh Whannell / 加利·艾...,https://img9.doubanio.com/view/photo/s_ratio_poster/public/p726839485.jpg,https://movie.douban.com/subject/1417598/, / 恐惧斗室(港)  /  夺魂锯(台),真相就在眼前。,164,8.8,524693人评价,电锯惊魂
导演: 马丁·麦克唐纳 Martin McDonagh   主演: 弗兰西斯·麦克多蒙德 France...,https://img1.doubanio.com/view/photo/s_ratio_poster/public/p2510081688.jpg,https://movie.douban.com/subject/26611804/, / 广告牌杀人事件(港)  /  意外(台),怼天怼地，你走后，她与世界为敌。,165,8.7,811360人评价,三块广告牌
导演: 让-马克·瓦雷 Jean-Marc Vallée   主演: 马修·麦康纳 Matthew McCon...,https://img1.doubanio.com/view/photo/s_ratio_poster/public/p2166160837.jpg,https://movie.douban.com/subject/1793929/, / 续命枭雄(港)  /  药命俱乐部(台),Jared Leto的腿比女人还美！,166,8.8,447117人评价,达拉斯买家俱乐部
导演: 科克·德·米科 Kirk De Micco / 克里斯·桑德斯 Chris Sanders   主演...,https://img1.doubanio.com/view/photo/s_ratio_poster/public/p1867084027.jpg,https://movie.douban.com/subject/1907966/, / 古鲁家族(港 / 台) ,老少皆宜，这就是好莱坞动画的魅力。,167,8.7,828847人评价,疯狂原始人
导演: 忻钰坤 Yukun Xin   主演: 霍卫民 Weimin Huo / 王笑天 Xiaotian Wang ...,https://img9.doubanio.com/view/photo/s_ratio_poster/public/p2276780256.jpg,https://movie.douban.com/subject/25917973/, / 殡棺  /  The Coffin in the Mountain,荒诞讽刺，千奇百巧，抽丝剥茧，百转千回。,168,8.7,513191人评价,心迷宫
导演: 保罗·格林格拉斯 Paul Greengrass   主演: 马特·达蒙 Matt Damon / ...,https://img1.doubanio.com/view/photo/s_ratio_poster/public/p792223507.jpg,https://movie.douban.com/subject/1578507/, / 叛谍追击3：最后通牒(港)  /  神鬼认证：最后通牒 (台),像吃了苏打饼一样干脆的电影。,169,8.8,412854人评价,谍影重重3
导演: 费尔南多·梅里尔斯 Fernando Meirelles / 卡迪亚·兰德 Kátia Lund  &nbsp...,https://img1.doubanio.com/view/photo/s_ratio_poster/public/p455677490.jpg,https://movie.douban.com/subject/1292208/, / 无主之城(港)  /  无法无天(台),被上帝抛弃了的上帝之城。,170,9.0,298500人评价,上帝之城
导演: 吴宇森 John Woo   主演: 周润发 Yun-Fat Chow / 狄龙 Lung Ti / 张国...,https://img1.doubanio.com/view/photo/s_ratio_poster/public/p2504997087.jpg,https://movie.douban.com/subject/1297574/, / A Better Tomorrow  /  Gangland Boss,英雄泪短，兄弟情长。 ,171,8.6,532669人评价,英雄本色
导演: 特瑞·乔治 Terry George   主演: 唐·钱德尔 Don Cheadle / 苏菲·奥...,https://img2.doubanio.com/view/photo/s_ratio_poster/public/p470419493.jpg,https://movie.douban.com/subject/1291822/, / 卢安达饭店(台),当这个世界闭上双眼，他却敞开了怀抱。,172,8.9,325718人评价,卢旺达饭店
导演: 吴宇森 John Woo   主演: 周润发 Yun-Fat Chow / 张国荣 Leslie Cheung...,https://img1.doubanio.com/view/photo/s_ratio_poster/public/p2597918718.jpg,https://movie.douban.com/subject/1295409/, / Once a Thief,香港浪漫主义警匪动作片的巅峰之作。,173,8.8,419706人评价,纵横四海
导演: 宫崎骏 Hayao Miyazaki   主演: 岛本须美 Sumi Shimamoto / 松田洋治 Y...,https://img2.doubanio.com/view/photo/s_ratio_poster/public/p1917567652.jpg,https://movie.douban.com/subject/1291585/, / 风谷少女  /  Kaze no tani no Naushika,动画片的圣经。,174,8.9,350445人评价,风之谷
导演: 是枝裕和 Hirokazu Koreeda   主演: 绫濑遥 Haruka Ayase / 长泽雅美 M...,https://img1.doubanio.com/view/photo/s_ratio_poster/public/p2603364117.jpg,https://movie.douban.com/subject/25895901/, / 海街女孩日记(港)  /  Kamakura Diary,是枝裕和的家庭习作。,175,8.8,441791人评价,海街日记
导演: 理查德·林克莱特 Richard Linklater   主演: 伊桑·霍克 Ethan Hawke ...,https://img1.doubanio.com/view/photo/s_ratio_poster/public/p2074715729.jpg,https://movie.douban.com/subject/10808442/, / 情约半生(港)  /  爱在午夜希腊时(台),所谓爱情，就是话唠一路，都不会心生腻烦，彼此嫌弃。,176,8.9,395678人评价,爱在午夜降临前
导演: 弗兰克·德拉邦特 Frank Darabont   主演: 汤姆·汉克斯 Tom Hanks / ...,https://img2.doubanio.com/view/photo/s_ratio_poster/public/p767586451.jpg,https://movie.douban.com/subject/1300374/, / 绿色奇迹(台)  /  绿色英里,天使暂时离开。,177,8.9,324485人评价,绿里奇迹
导演: 克里斯托弗·诺兰 Christopher Nolan   主演: 盖·皮尔斯 Guy Pearce /...,https://img2.doubanio.com/view/photo/s_ratio_poster/public/p641688453.jpg,https://movie.douban.com/subject/1304447/, / 凶心人(港)  /  记忆拼图(台),一个针管引发的血案。,178,8.7,593434人评价,记忆碎片
导演: 罗启锐 Alex Law   主演: 吴君如 Sandra Ng / 任达华 Simon Yam / 钟绍...,https://img2.doubanio.com/view/photo/s_ratio_poster/public/p456666151.jpg,https://movie.douban.com/subject/3792799/, / 1969太空漫游  /  Echoes Of The Rainbow,岁月流逝，来日可追。,179,8.7,569619人评价,岁月神偷
导演: 神山征二郎 Seijirô Kôyama   主演: 仲代达矢 Tatsuya Nakadai /...,https://img9.doubanio.com/view/photo/s_ratio_poster/public/p2603716224.jpg,https://movie.douban.com/subject/1959195/, / 八千公物语  /  阿八的故事,养狗三日，便会对你终其一生。,180,9.2,193353人评价,忠犬八公物语
导演: 宁浩 Hao Ning   主演: 郭涛 Tao Guo / 刘桦 Hua Liu / 连晋 Teddy Lin,https://img2.doubanio.com/view/photo/s_ratio_poster/public/p712241453.jpg,https://movie.douban.com/subject/1862151/, / Crazy Stone,中国版《两杆大烟枪》。,181,8.6,809832人评价,疯狂的石头
导演: 达米安·斯兹弗隆 Damián Szifron   主演: 达里奥·葛兰帝内提 Darío...,https://img2.doubanio.com/view/photo/s_ratio_poster/public/p2584519452.jpg,https://movie.douban.com/subject/24750126/, / 蛮荒故事  /  生命中最抓狂的小事(台),始于荒诞，止于更荒诞。,182,8.8,438112人评价,荒蛮故事
导演: 斯坦利·多南 Stanley Donen / 吉恩·凯利 Gene Kelly   主演: 吉恩·...,https://img9.doubanio.com/view/photo/s_ratio_poster/public/p1612355875.jpg,https://movie.douban.com/subject/1293460/, / 万花嬉春(港 / 台) ,骨灰级歌舞片。,183,9.1,221412人评价,雨中曲
导演: 是枝裕和 Hirokazu Koreeda   主演: 中川雅也 Lily Franky / 安藤樱 Sa...,https://img9.doubanio.com/view/photo/s_ratio_poster/public/p2530599636.jpg,https://movie.douban.com/subject/27622447/, / Shoplifters  /  Une Affaire de Famille,我们组成了家。,184,8.7,804176人评价,小偷家族
导演: 斯坦利·库布里克 Stanley Kubrick   主演: 凯尔·杜拉 Keir Dullea / ...,https://img9.doubanio.com/view/photo/s_ratio_poster/public/p2560717825.jpg,https://movie.douban.com/subject/1292226/, / 2001：星际漫游  /  2001：太空奥德赛,现代科幻电影的开山之作，最伟大导演的最伟大影片。,185,8.9,321873人评价,2001太空漫游
导演: 达米恩·查泽雷 Damien Chazelle   主演: 迈尔斯·特勒 Miles Teller /...,https://img2.doubanio.com/view/photo/s_ratio_poster/public/p2220776342.jpg,https://movie.douban.com/subject/25773932/, / 鼓动真我(港)  /  进击的鼓手(台),这个世界从不善待努力的人，努力了也不一定会成功，但是知道自己在努力，就是活下去的动力。,186,8.7,580388人评价,爆裂鼓手
导演: 托德·菲利普斯 Todd Phillips   主演: 杰昆·菲尼克斯 Joaquin Phoeni...,https://img9.doubanio.com/view/photo/s_ratio_poster/public/p2567198874.jpg,https://movie.douban.com/subject/27119724/, / 小丑起源电影：罗密欧  /  Romeo,,187,8.7,992054人评价,小丑
导演: 黄建新 Jianxin Huang / 杨亚洲 Yazhou Yang   主演: 牛振华 Zhenhua N...,https://img1.doubanio.com/view/photo/s_ratio_poster/public/p2505048077.jpg,https://movie.douban.com/subject/1307856/," / 背对背，脸对脸  /  Back to Back, Face to Face",,188,9.5,129173人评价,背靠背，脸对脸
导演: 瑞奇·莫尔 Rich Moore   主演: 约翰·C·赖利 John C. Reilly / 萨拉...,https://img9.doubanio.com/view/photo/s_ratio_poster/public/p1735642656.jpg,https://movie.douban.com/subject/6534248/, / 破坏王拉尔夫  /  破坏王大冒险,迪士尼和皮克斯拿错剧本的产物。,189,8.7,529835人评价,无敌破坏王
导演: 刘伟强 / 麦兆辉   主演: 陈冠希 Edison Chen / 余文乐 Shawn Yue / 曾...,https://img1.doubanio.com/view/photo/s_ratio_poster/public/p958008320.jpg,https://movie.douban.com/subject/1307106/, / 无间道前传  /  Infernal Affairs II,,190,8.7,470129人评价,无间道2
导演: 丹尼·鲍尔 Danny Boyle / 洛芙琳·坦丹 Loveleen Tandan   主演: 戴夫...,https://img1.doubanio.com/view/photo/s_ratio_poster/public/p2434249040.jpg,https://movie.douban.com/subject/2209573/, / 一百万零一夜(港)  /  贫民百万富翁(台),上帝之城+猜火车+阿甘正传+开心辞典=山寨富翁,191,8.6,737578人评价,贫民窟的百万富翁
导演: 卡洛斯·沙尔丹哈 Carlos Saldanha / 克里斯·韦奇 Chris Wedge   主演...,https://img1.doubanio.com/view/photo/s_ratio_poster/public/p1910895719.jpg,https://movie.douban.com/subject/1291578/, / 冰河世纪  /  冰原历险记,松鼠才是角儿。,192,8.6,605015人评价,冰川时代
导演: 王家卫 Kar Wai Wong   主演: 张国荣 Leslie Cheung / 林青霞 Brigitte...,https://img2.doubanio.com/view/photo/s_ratio_poster/public/p1982176012.jpg,https://movie.douban.com/subject/1292328/, / Ashes of Time,电影诗。,193,8.6,570565人评价,东邪西毒
导演: 彼特·道格特 Pete Docter / 凯普·鲍尔斯 Kemp Powers   主演: 杰米·...,https://img9.doubanio.com/view/photo/s_ratio_poster/public/p2626308994.jpg,https://movie.douban.com/subject/24733428/, / 灵魂奇遇记(港)  /  灵魂急转弯(台),,194,8.7,963629人评价,心灵奇旅
导演: 克里斯托弗·史密斯 Christopher Smith   主演: 梅利莎·乔治 Melissa ...,https://img9.doubanio.com/view/photo/s_ratio_poster/public/p462470694.jpg,https://movie.douban.com/subject/3011051/, / 汪洋血迷宮(台)  /  轮回三角,不要企图在重复中寻找已经失去的爱。,195,8.5,848759人评价,恐怖游轮
导演: 杨德昌 Edward Yang   主演: 张震 Chen Chang / 杨静怡 Lisa Yang / 张...,https://img9.doubanio.com/view/photo/s_ratio_poster/public/p848381236.jpg,https://movie.douban.com/subject/1292329/, / A Brighter Summer Day,弱者送给弱者的一刀。,196,8.9,294411人评价,牯岭街少年杀人事件
导演: 罗伯·莱纳 Rob Reiner   主演: 杰克·尼科尔森 Jack Nicholson / 摩根...,https://img2.doubanio.com/view/photo/s_ratio_poster/public/p2676812053.jpg,https://movie.douban.com/subject/1867345/, / 玩转身前事(港)  /  一路玩到挂(台),用剩余不多的时间，去燃烧整个生命。,197,8.7,453321人评价,遗愿清单
导演: 宫崎骏 Hayao Miyazaki   主演: 高山南 Minami Takayama / 佐久间玲 Re...,https://img2.doubanio.com/view/photo/s_ratio_poster/public/p456676352.jpg,https://movie.douban.com/subject/1307811/, / 魔女琪琪(台)  /  小魔女限时专送,宫崎骏的电影总让人感觉世界是美好的，阳光明媚的。,198,8.7,453044人评价,魔女宅急便
导演: 理查德·柯蒂斯 Richard Curtis   主演: 休·格兰特 Hugh Grant / 柯林...,https://img1.doubanio.com/view/photo/s_ratio_poster/public/p475600770.jpg,https://movie.douban.com/subject/1292401/, / 真的恋爱了(港)  /  爱是您，爱是我(台),爱，是个动词。,199,8.6,725146人评价,真爱至上
导演: 藤森雅也 Masaya Fujimori   主演: 山口胜平 Kappei Yamaguchi / 爱河...,https://img1.doubanio.com/view/photo/s_ratio_poster/public/p2554167519.jpg,https://movie.douban.com/subject/4848115/, / 你看起来很好吃(台)  /  你看上去好像很好吃,感情不分食草或者食肉。,200,8.9,329059人评价,你看起来好像很好吃
导演: 今敏 Satoshi Kon   主演: 江守彻 Toru Emori / 梅垣义明 Yoshiaki Ume...,https://img1.doubanio.com/view/photo/s_ratio_poster/public/p456703618.jpg,https://movie.douban.com/subject/1310177/, / Tokyo Godfathers,,201,9.0,225067人评价,东京教父
导演: 黄信尧 Hsin-yao Huang   主演: 庄益增 Yizeng Zhuang / 陈竹昇 Chu-sh...,https://img2.doubanio.com/view/photo/s_ratio_poster/public/p2505928032.jpg,https://movie.douban.com/subject/27059130/, / The Great Buddha+,人们可以登上月球，却永远无法探索人们内心的宇宙。,202,8.7,447452人评价,大佛普拉斯
导演: 达伦·阿罗诺夫斯基 Darren Aronofsky   主演: 娜塔莉·波特曼 Natalie...,https://img9.doubanio.com/view/photo/s_ratio_poster/public/p2549648344.jpg,https://movie.douban.com/subject/1978709/, / 夺命黑天鹅  /  霸王别鹅(豆友译名),黑暗之美。,203,8.6,772251人评价,黑天鹅
导演: 陆川 Chuan Lu   主演: 多布杰 Duobujie / 张磊 Lei Zhang / 亓亮 Qi L...,https://img9.doubanio.com/view/photo/s_ratio_poster/public/p2363208684.jpg,https://movie.douban.com/subject/1308857/, / Kekexili: Mountain Patrol,坚硬的信仰。,204,8.9,299452人评价,可可西里
导演: Charles Chaplin   主演: 查理·卓别林 Charles Chaplin / 弗吉尼亚·...,https://img1.doubanio.com/view/photo/s_ratio_poster/public/p2170238828.jpg,https://movie.douban.com/subject/1293908/, / City Lights: A Comedy Romance in Pantomime  /  Lichter der Großstadt,永远的小人物，伟大的卓别林。,205,9.3,143820人评价,城市之光
导演: 邓肯·琼斯 Duncan Jones   主演: 杰克·吉伦哈尔 Jake Gyllenhaal / ...,https://img9.doubanio.com/view/photo/s_ratio_poster/public/p988260245.jpg,https://movie.douban.com/subject/3075287/, / 启动原始码(台)  /  危机解密(港),邓肯·琼斯继《月球》之后再度奉献出一部精彩绝伦的科幻佳作。,206,8.5,824808人评价,源代码
导演: 巴瑞·莱文森 Barry Levinson   主演: 达斯汀·霍夫曼 Dustin Hoffman ...,https://img2.doubanio.com/view/photo/s_ratio_poster/public/p2353324612.jpg,https://movie.douban.com/subject/1291870/, / 手足情未了(港)  /  手足情深,生活在自己的世界里，也可以让周围的人显得可笑和渺小。,207,8.7,399146人评价,雨人
导演: 尼克·卡索维茨 Nick Cassavetes   主演: 瑞恩·高斯林 Ryan Gosling /...,https://img9.doubanio.com/view/photo/s_ratio_poster/public/p483604864.jpg,https://movie.douban.com/subject/1309163/, / 忘了·忘不了(港)  /  手札情缘(台),爱情没有那么多借口，如果不能圆满，只能说明爱的不够。 ,208,8.5,661631人评价,恋恋笔记本
导演: 肯尼斯·罗纳根 Kenneth Lonergan   主演: 卡西·阿弗莱克 Casey Affle...,https://img9.doubanio.com/view/photo/s_ratio_poster/public/p2421855655.jpg,https://movie.douban.com/subject/25980443/, / 情系海边之城(港),我们都有权利不与自己的过去和解。,209,8.6,527618人评价,海边的曼彻斯特
导演: 普特鹏·普罗萨卡·那·萨克那卡林 Puttipong Promsaka Na Sakolnakorn / 华森·波克彭...,https://img2.doubanio.com/view/photo/s_ratio_poster/public/p1505312273.jpg,https://movie.douban.com/subject/4739952/, / 初恋那件小事(港)  /  暗恋那点小事,黑小鸭速效美白记。,210,8.5,971921人评价,初恋这件小事
导演: 史蒂文·斯皮尔伯格 Steven Spielberg   主演: 海利·乔·奥斯蒙 Haley...,https://img1.doubanio.com/view/photo/s_ratio_poster/public/p792257137.jpg,https://movie.douban.com/subject/1302827/, / AI人工智慧,对爱的执着，可以超越一切。,211,8.7,439509人评价,人工智能
导演: 布莱恩·辛格 Bryan Singer   主演: 拉米·马雷克 Rami Malek / 本·哈...,https://img2.doubanio.com/view/photo/s_ratio_poster/public/p2549558913.jpg,https://movie.douban.com/subject/5300054/, / 波希米亚狂想曲：摇滚传说(港)  /  波希米亚狂想曲(台),,212,8.6,595230人评价,波西米亚狂想曲
导演: 杰拉尔·乌里 Gérard Oury   主演: 路易·德·菲耐斯 Louis de Funès...,https://img2.doubanio.com/view/photo/s_ratio_poster/public/p2399597512.jpg,https://movie.douban.com/subject/1296909/, / 横冲直撞出重围(港)  /  大進擊(台),永远看不腻的喜剧。,213,8.9,253222人评价,虎口脱险
导演: 徐克 Hark Tsui   主演: 张曼玉 Maggie Cheung / 王祖贤 Joey Wang / ...,https://img2.doubanio.com/view/photo/s_ratio_poster/public/p2570901292.jpg,https://movie.douban.com/subject/1303394/, / Green Snake,人生如此，浮生如斯。谁人言，花彼岸，此生情长意短。谁都是不懂爱的罢了。,214,8.6,519074人评价,青蛇
导演: 詹姆斯·卡梅隆 James Cameron   主演: 阿诺·施瓦辛格 Arnold Schwarz...,https://img9.doubanio.com/view/photo/s_ratio_poster/public/p1910909085.jpg,https://movie.douban.com/subject/1291844/, / 未来战士2(港)  /  魔鬼终结者2(台),少见的超越首部的续集，动作片中的经典。,215,8.8,337574人评价,终结者2：审判日
导演: 黑泽明 Akira Kurosawa   主演: 三船敏郎 Toshirô Mifune / 京町子 ...,https://img2.doubanio.com/view/photo/s_ratio_poster/public/p1598883511.jpg,https://movie.douban.com/subject/1291879/, / Rashomon,人生的N种可能性。,216,8.8,309993人评价,罗生门
导演: 乔治·米勒 George Miller   主演: 汤姆·哈迪 Tom Hardy / 查理兹·塞...,https://img2.doubanio.com/view/photo/s_ratio_poster/public/p2236181653.jpg,https://movie.douban.com/subject/3592854/, / 末日先锋：战甲飞车(港)  /  疯狂麦斯：愤怒道(台),“多么美好的一天！”轰轰轰砰咚，啪哒哒哒轰隆隆，磅~,217,8.7,521995人评价,疯狂的麦克斯4：狂暴之路
导演: 高畑勋 Isao Takahata   主演: 辰己努 / 白石绫乃 / 志乃原良子,https://img1.doubanio.com/view/photo/s_ratio_poster/public/p2237136718.jpg,https://movie.douban.com/subject/1293318/, / 再见萤火虫(港)  /  萤火挽歌,幸福是生生不息，却难以触及的远。 ,218,8.7,401174人评价,萤火虫之墓
导演: 李惠民 Raymond Lee   主演: 张曼玉 Maggie Cheung / 林青霞 Brigitte ...,https://img1.doubanio.com/view/photo/s_ratio_poster/public/p1421018669.jpg,https://movie.douban.com/subject/1292287/, / New Dragon Gate Inn,嬉笑怒骂，调风动月。,219,8.7,437940人评价,新龙门客栈
导演: 安德鲁·尼科尔 Andrew Niccol   主演: 伊桑·霍克 Ethan Hawke / 乌玛...,https://img9.doubanio.com/view/photo/s_ratio_poster/public/p2195672555.jpg,https://movie.douban.com/subject/1300117/, / 变种异煞(港)  /  自然人,一部能引人思考的科幻励志片。,220,8.8,293026人评价,千钧一发
导演: 昆汀·塔伦蒂诺 Quentin Tarantino   主演: 布拉德·皮特 Brad Pitt / ...,https://img2.doubanio.com/view/photo/s_ratio_poster/public/p1086394013.jpg,https://movie.douban.com/subject/1438652/, / 希魔撞正杀人狂(港)  /  恶棍特工(台),昆汀同学越来越变态了，比北野武还杜琪峰。,221,8.6,470018人评价,无耻混蛋
导演: 宫崎骏 Hayao Miyazaki   主演: 奈良柚莉爱 Yuria Nara / 土井洋辉 Hir...,https://img1.doubanio.com/view/photo/s_ratio_poster/public/p2627847859.jpg,https://movie.douban.com/subject/1959877/, / 悬崖上的金鱼姬  /  悬崖上的金鱼公主,,222,8.6,487881人评价,崖上的波妞
导演: 雷德利·斯科特 Ridley Scott   主演: 吉娜·戴维斯 Geena Davis / 苏...,https://img9.doubanio.com/view/photo/s_ratio_poster/public/p1910924635.jpg,https://movie.douban.com/subject/1291992/, / 塞尔玛与路易丝  /  末路狂花,没有了退路，只好飞向自由。,223,8.9,248216人评价,末路狂花
导演: 斯蒂芬·卓博斯基 Stephen Chbosky   主演: 雅各布·特伦布莱 Jacob Tr...,https://img1.doubanio.com/view/photo/s_ratio_poster/public/p2507709428.jpg,https://movie.douban.com/subject/26787574/, / 奇迹,世界不完美，爱会有奇迹。,224,8.6,545859人评价,奇迹男孩
导演: 詹姆斯·沃德·布柯特 James Ward Byrkit   主演: 艾米丽·芭尔多尼 Em...,https://img9.doubanio.com/view/photo/s_ratio_poster/public/p2187896734.jpg,https://movie.douban.com/subject/25807345/, / 相干性  /  相干效应,小成本大魅力。,225,8.6,569396人评价,彗星来的那一夜
导演: 郭柯 Ke Guo   主演:,https://img1.doubanio.com/view/photo/s_ratio_poster/public/p2457609817.jpg,https://movie.douban.com/subject/26430107/, / Twenty Two  /  22,有一些东西不应该被遗忘。,226,8.7,288807人评价,二十二
导演: 拉娜·沃卓斯基 Lana Wachowski / 莉莉·沃卓斯基 Lilly Wachowski   ...,https://img1.doubanio.com/view/photo/s_ratio_poster/public/p443461390.jpg,https://movie.douban.com/subject/1304141/, / 22世纪杀人网络2：决战未来(港)  /  骇客任务：重装上阵(台),一个精彩的世界观正在缓缓建立。,227,8.7,401132人评价,黑客帝国2：重装上阵
导演: 土井裕泰 Nobuhiro Doi   主演: 菅田将晖 Masaki Suda / 有村架纯 Kasu...,https://img2.doubanio.com/view/photo/s_ratio_poster/public/p2868462052.jpg,https://movie.douban.com/subject/34874432/, / 她和他的恋爱花期(港)  /  Hanataba mitaina koi o shita,,228,8.6,603143人评价,花束般的恋爱
导演: 达米恩·查泽雷 Damien Chazelle   主演: 瑞恩·高斯林 Ryan Gosling /...,https://img9.doubanio.com/view/photo/s_ratio_poster/public/p2395517414.jpg,https://movie.douban.com/subject/25934014/, / 星声梦里人(港)  /  乐来越爱你(台),,229,8.4,881075人评价,爱乐之城
导演: 爱德华·兹威克 Edward Zwick   主演: 莱昂纳多·迪卡普里奥 Leonardo ...,https://img2.doubanio.com/view/photo/s_ratio_poster/public/p1244017073.jpg,https://movie.douban.com/subject/1428175/, / 血钻石(台)  /  血腥钻石,每个美丽事物背后都是滴血的现实。,230,8.7,375040人评价,血钻
导演: 伦尼·阿伯拉罕森 Lenny Abrahamson   主演: 布丽·拉尔森 Brie Larson...,https://img9.doubanio.com/view/photo/s_ratio_poster/public/p2259715855.jpg,https://movie.douban.com/subject/25724855/, / 不存在的房间(台)  /  抖室(港),被偷走的岁月，被伤害的生命，被禁锢的灵魂，终将被希望和善意救赎。,231,8.8,364714人评价,房间
导演: 安德鲁·尼科尔 Andrew Niccol   主演: 尼古拉斯·凯奇 Nicolas Cage /...,https://img2.doubanio.com/view/photo/s_ratio_poster/public/p792282381.jpg,https://movie.douban.com/subject/1419936/, / 军火之王(台 / 港) ,做一颗让别人需要你的棋子。,232,8.7,363528人评价,战争之王
导演: 是枝裕和 Hirokazu Koreeda   主演: 阿部宽 Hiroshi Abe / 夏川结衣 Yu...,https://img1.doubanio.com/view/photo/s_ratio_poster/public/p2375245718.jpg,https://movie.douban.com/subject/2222996/, / 横山家之味(港 / 台) ,日本的家庭电影已经是世界巅峰了，步履不停是巅峰中的佳作。,233,8.8,275625人评价,步履不停
导演: 茂文·勒鲁瓦 Mervyn LeRoy   主演: 费雯·丽 Vivien Leigh / 罗伯特·...,https://img1.doubanio.com/view/photo/s_ratio_poster/public/p2351134499.jpg,https://movie.douban.com/subject/1293964/, / 滑铁卢桥  /  断桥残梦,中国式内在的美国电影。,234,8.8,274882人评价,魂断蓝桥
导演: 谢晋 Jin Xie   主演: 刘晓庆 Xiaoqing Liu / 姜文 Wen Jiang / 郑在石...,https://img9.doubanio.com/view/photo/s_ratio_poster/public/p2174804034.jpg,https://movie.douban.com/subject/1297880/, / Hibiscus Town,,235,9.3,132403人评价,芙蓉镇
导演: 雷德利·斯科特 Ridley Scott   主演: 马特·达蒙 Matt Damon / 杰西卡...,https://img2.doubanio.com/view/photo/s_ratio_poster/public/p2280097442.jpg,https://movie.douban.com/subject/25864085/, / 火星任务(港)  /  绝地救援(台),,236,8.5,715962人评价,火星救援
导演: 大卫·叶茨 David Yates   主演: 丹尼尔·雷德克里夫 Daniel Radcliffe...,https://img9.doubanio.com/view/photo/s_ratio_poster/public/p719849995.jpg,https://movie.douban.com/subject/2051007/, / 哈利波特7：死神的圣物1(港 / 台) ,最忠于原著的一部。,237,8.5,562918人评价,哈利·波特与死亡圣器(上)
导演: 今敏 Satoshi Kon   主演: 庄司美代子 Miyoko Shôji / 小山茉美 Mam...,https://img9.doubanio.com/view/photo/s_ratio_poster/public/p2215102596.jpg,https://movie.douban.com/subject/1307394/, / Millennium Actress,爱情是一场没有尽头的虚幻追逐。,238,8.8,262072人评价,千年女优
导演: 保罗·格林格拉斯 Paul Greengrass   主演: 马特·达蒙 Matt Damon / ...,https://img9.doubanio.com/view/photo/s_ratio_poster/public/p667644866.jpg,https://movie.douban.com/subject/1308767/, / 叛谍追击2：机密圈套(港)  /  神鬼认证：神鬼疑云(台),谁说王家卫镜头很晃？,239,8.7,347414人评价,谍影重重2
导演: 王家卫 Kar Wai Wong   主演: 张国荣 Leslie Cheung / 张曼玉 Maggie C...,https://img2.doubanio.com/view/photo/s_ratio_poster/public/p2525770523.jpg,https://movie.douban.com/subject/1305690/, / Days of Being Wild,王家卫是一种风格，张国荣是一个代表。,240,8.5,504631人评价,阿飞正传
导演: 约翰·李·汉考克 John Lee Hancock   主演: 桑德拉·布洛克 Sandra Bu...,https://img2.doubanio.com/view/photo/s_ratio_poster/public/p2577248102.jpg,https://movie.douban.com/subject/3552028/, / 守护有心人(港)  /  攻其不备(台),拍掉身上的悲伤，从今天开始重新踏上追梦之旅。,241,8.7,302477人评价,弱点
导演: 爱德华·兹威克 Edward Zwick   主演: 布拉德·皮特 Brad Pitt / 安东...,https://img9.doubanio.com/view/photo/s_ratio_poster/public/p2797313535.jpg,https://movie.douban.com/subject/1295865/, / 秋日传奇  /  真爱一世情(台),传奇，不是每个人都可以拥有。,242,8.8,283001人评价,燃情岁月
导演: 道格·里曼 Doug Liman   主演: 马特·达蒙 Matt Damon / 弗兰卡·波坦...,https://img2.doubanio.com/view/photo/s_ratio_poster/public/p1597183981.jpg,https://movie.douban.com/subject/1304102/, / 叛谍追击(港)  /  神鬼认证(台),哗啦啦啦啦，天在下雨，哗啦啦啦啦，云在哭泣……找自己。,243,8.6,419789人评价,谍影重重
导演: 史蒂芬·戴德利 Stephen Daldry   主演: 凯特·温丝莱特 Kate Winslet ...,https://img1.doubanio.com/view/photo/s_ratio_poster/public/p1140984198.jpg,https://movie.douban.com/subject/2213597/, / 为爱朗读(台)  /  读爱(港),当爱情跨越年龄的界限，它似乎能变得更久远一点，成为一种责任，一种水到渠成的相濡以沫。 ,244,8.6,449455人评价,朗读者
导演: 约翰·卡尼 John Carney   主演: 凯拉·奈特莉 Keira Knightley / 马克...,https://img2.doubanio.com/view/photo/s_ratio_poster/public/p2250287733.jpg,https://movie.douban.com/subject/6874403/, / 再次出发  /  歌曲改变人生,爱我就给我看你的播放列表。,245,8.6,421982人评价,再次出发之纽约遇见你
导演: 大卫·叶茨 David Yates   主演: 丹尼尔·雷德克里夫 Daniel Radcliffe...,https://img1.doubanio.com/view/photo/s_ratio_poster/public/p443403700.jpg,https://movie.douban.com/subject/1457217/, / 哈利波特5：凤凰会的密令(港 / 台) ,,246,8.5,555410人评价,哈利·波特与凤凰社
导演: 本·斯蒂勒 Ben Stiller   主演: 本·斯蒂勒 Ben Stiller / 克里斯汀·...,https://img2.doubanio.com/view/photo/s_ratio_poster/public/p2160195181.jpg,https://movie.douban.com/subject/2133323/, / 发梦王大历险(港)  /  白日梦冒险王(台),,247,8.6,461429人评价,白日梦想家
导演: 汤姆·提克威 Tom Tykwer   主演: 本·卫肖 Ben Whishaw / 艾伦·瑞克...,https://img2.doubanio.com/view/photo/s_ratio_poster/public/p2571500223.jpg,https://movie.douban.com/subject/1760622/, / 香水：一个杀人犯的故事  /  香水：一个谋杀犯的故事,一个单凭体香达到高潮的男人。,248,8.5,538511人评价,香水
导演: 细田守 Mamoru Hosoda   主演: 仲里依纱 Riisa Naka / 石田卓也 Takuya...,https://img9.doubanio.com/view/photo/s_ratio_poster/public/p2079334286.jpg,https://movie.douban.com/subject/1937946/, / 跳跃吧！时空少女(台)  /  Toki o kakeru shôjo,爱上未来的你。 ,249,8.6,377553人评价,穿越时空的少女
导演: 雅克·贝汉 Jacques Perrin / 雅克·克鲁奥德 Jacques Cluzaud   主演:...,https://img9.doubanio.com/view/photo/s_ratio_poster/public/p2559581324.jpg,https://movie.douban.com/subject/3443389/, / Oceans  /  海洋,大海啊，不全是水。,250,9.1,155413人评价,海洋
